City,Lat,Lng,Max Temp,Humidity,Cloudiness,Wind Speed,Country,Date
Klaksvík,62.2266,-6.589,42.8,65,40,18.41,FO,1620748028
Coquimbo,-29.9533,-71.3436,53.6,94,90,5.75,CL,1620748028
Lüderitz,-26.6481,15.1594,72.59,45,0,5.59,NA,1620748029
Matagami,49.7502,-77.6328,44.6,70,1,14.97,CA,1620748029
Mahébourg,-20.4081,57.7,75.2,78,20,4.61,MU,1620748029
Kieta,-6.2167,155.6333,77.9,84,9,2.15,PG,1620748030
Hermanus,-34.4187,19.2345,62.01,80,0,2.51,ZA,1620748030
Bluff,-46.6,168.3333,39.0,83,85,1.99,NZ,1620748030
Faya,18.3851,42.4509,73.4,37,40,9.22,SA,1620748030
Lebu,-37.6167,-73.65,56.68,56,30,8.05,CL,1620748031
Mumbwa,-14.9783,27.0619,65.79,48,1,3.78,ZM,1620748031
Busselton,-33.65,115.3333,62.01,94,82,6.38,AU,1620748031
Vila Franca do Campo,37.7167,-25.4333,66.2,72,20,14.97,PT,1620748032
Cabo San Lucas,22.8909,-109.9124,86.0,61,75,5.75,MX,1620748032
Hithadhoo,-0.6,73.0833,83.14,74,95,11.23,MV,1620748033
Khatanga,71.9667,102.5,28.22,89,100,7.34,RU,1620748033
Ilulissat,69.2167,-51.1,33.8,86,90,4.61,GL,1620748033
Jamestown,42.097,-79.2353,46.99,65,90,6.91,US,1620747803
Esim,4.8699,-2.2405,84.9,66,6,9.13,GH,1620747847
Charters Towers,-20.1,146.2667,67.98,90,69,5.59,AU,1620748034
Margate,51.3813,1.3862,55.0,67,92,1.01,GB,1620748034
Ushuaia,-54.8,-68.3,50.0,57,75,14.97,AR,1620747974
Yellowknife,62.456,-114.3525,30.2,69,90,6.91,CA,1620748034
Hobart,-42.8794,147.3294,44.6,76,90,8.05,AU,1620748035
Corumbá,-19.0092,-57.6533,78.8,69,40,12.66,BR,1620748035
Guerrero Negro,27.9769,-114.0611,63.97,66,0,10.07,MX,1620748035
Hīt,33.6416,42.8251,84.65,30,76,20.04,IQ,1620748036
Airai,-8.9266,125.4092,55.69,80,2,3.11,TL,1620748036
Portland,45.5234,-122.6762,55.99,81,75,3.44,US,1620747923
Hamilton,39.1834,-84.5333,55.4,54,90,10.36,US,1620747774
Lavrentiya,65.5833,-171.0,33.75,96,100,6.71,RU,1620748036
Myre,69.1036,15.9492,43.0,75,75,20.71,NO,1620748037
Arraial do Cabo,-22.9661,-42.0278,78.8,53,0,5.75,BR,1620748037
Kapaa,22.0752,-159.319,73.4,83,90,17.27,US,1620748037
Rikitea,-23.1203,-134.9692,78.19,76,81,24.4,PF,1620748038
Butaritari,3.0707,172.7902,82.49,75,61,17.16,KI,1620748038
Chui,-33.6971,-53.4616,61.45,49,2,10.8,UY,1620748039
La Cruz,23.9167,-106.9,81.0,79,86,1.99,MX,1620748040
Nome,64.5011,-165.4064,37.4,81,90,1.83,US,1620748040
Henties Bay,-22.116,14.2845,82.99,33,0,10.0,NA,1620748041
Dali,25.7,100.1833,58.8,73,11,5.46,CN,1620748041
Terney,45.0503,136.6092,41.16,95,99,4.21,RU,1620748041
Beloha,-25.1667,45.05,66.02,77,3,6.13,MG,1620748042
Spirit River,55.7833,-118.8361,46.4,71,27,2.3,CA,1620748042
Ancud,-41.8697,-73.8203,48.99,100,90,11.5,CL,1620747854
Qaanaaq,77.484,-69.3632,20.97,74,100,7.23,GL,1620748042
Ningxiang,37.34,111.2052,61.21,60,46,6.58,CN,1620748042
College,64.8569,-147.8028,50.0,50,75,6.91,US,1620748043
East London,-33.0153,27.9116,62.6,82,0,5.75,ZA,1620748043
Punta Arenas,-53.15,-70.9167,42.8,75,75,6.91,CL,1620748044
Abu Samrah,35.3029,37.1841,80.56,17,0,13.8,SY,1620748044
Mataura,-46.1927,168.8643,39.0,83,79,1.99,NZ,1620748044
Birnin Kebbi,12.4539,4.1975,106.29,14,54,5.21,NG,1620748045
Isangel,-19.55,169.2667,77.14,82,67,15.1,VU,1620748045
Saint Paul Harbor,57.79,-152.4072,39.2,87,90,3.96,US,1620748045
Yuncheng,35.0231,110.9928,66.7,42,51,6.2,CN,1620747801
Vaini,-21.2,-175.2,75.2,78,40,8.05,TO,1620748046
Craigieburn,-37.6,144.95,50.0,76,75,12.66,AU,1620748046
Hofn,64.2539,-15.2082,34.9,64,25,5.77,IS,1620748046
Souris,49.6172,-100.2612,59.0,32,90,6.91,CA,1620748046
Port Elizabeth,-33.918,25.5701,62.6,82,20,13.8,ZA,1620748047
Bambous Virieux,-20.3428,57.7575,75.2,78,20,4.61,MU,1620748047
Namatanai,-3.6667,152.4333,79.02,80,100,3.6,PG,1620748047
Tura,25.5198,90.2201,66.69,96,100,7.78,IN,1620748048
Saldanha,-33.0117,17.9442,68.0,60,0,14.97,ZA,1620748048
Tasiilaq,65.6145,-37.6368,28.4,86,75,3.44,GL,1620748049
Coolum Beach,-26.5333,153.1,70.0,97,16,2.93,AU,1620748049
Puerto Ayora,-0.7393,-90.3518,79.0,78,40,18.41,EC,1620748049
Hilo,19.7297,-155.09,71.6,78,1,3.44,US,1620748045
Atuona,-9.8,-139.0333,79.84,80,42,24.4,PF,1620748050
Menongue,-14.6585,17.691,70.57,37,7,4.72,AO,1620748050
Longyearbyen,78.2186,15.6401,26.6,80,75,10.36,SJ,1620748050
Faanui,-16.4833,-151.75,81.5,77,100,19.98,PF,1620748051
Araouane,18.9048,-3.5265,108.37,7,52,10.89,ML,1620748051
Paamiut,61.994,-49.6678,36.37,79,100,14.83,GL,1620748051
Cidreira,-30.1811,-50.2056,65.82,53,100,10.89,BR,1620748051
Meulaboh,4.1363,96.1285,78.87,86,100,2.64,ID,1620748052
Dingle,10.9995,122.6711,79.79,81,92,6.71,PH,1620748052
Cape Town,-33.9258,18.4232,64.4,68,0,13.8,ZA,1620748052
Alofi,-19.0595,-169.9187,77.0,83,75,14.97,NU,1620748053
Tyukalinsk,55.8732,72.1967,56.53,42,0,3.0,RU,1620748053
Castro,-24.7911,-50.0119,74.05,39,51,6.33,BR,1620748054
Omboué,-1.5746,9.2618,81.88,75,99,5.64,GA,1620748054
Listvyanskiy,54.4399,83.4984,53.69,51,100,11.05,RU,1620748054
Kaduy,59.2,37.15,69.8,28,0,6.71,RU,1620748054
Barrow,71.2906,-156.7887,17.6,86,90,11.5,US,1620748055
Albany,42.6001,-73.9662,60.01,27,4,1.99,US,1620748055
Tuktoyaktuk,69.4541,-133.0374,15.8,86,75,12.66,CA,1620747874
Richards Bay,-28.783,32.0377,70.56,69,0,8.46,ZA,1620748055
Al Bardīyah,31.7561,25.0865,72.36,49,0,11.86,LY,1620748056
Zambezi,-13.5432,23.1047,69.87,42,1,5.14,ZM,1620748056
Lata,40.1629,-8.3327,66.99,68,63,14.0,PT,1620748056
Saint-Philippe,-21.3585,55.7679,77.0,73,90,4.61,RE,1620748058
Nikolskoye,59.7035,30.7861,75.2,27,0,11.18,RU,1620748058
Manta,-0.95,-80.7333,80.6,78,40,10.36,EC,1620748059
George Town,5.4112,100.3354,82.4,89,40,2.75,MY,1620747960
Leningradskiy,69.3833,178.4167,17.11,95,97,4.03,RU,1620748059
Librazhd,41.1794,20.315,77.0,44,0,9.22,AL,1620748059
Sakakah,29.9697,40.2064,98.6,6,40,5.75,SA,1620748060
Navahrudak,53.6,25.8333,60.35,63,55,10.13,BY,1620748060
Roebourne,-20.7833,117.1333,78.57,44,3,3.76,AU,1620748060
Vostok,46.4856,135.8833,36.97,84,58,3.94,RU,1620748061
Wabana,47.6332,-52.9481,46.99,71,75,21.85,CA,1620748061
Kawalu,-7.3817,108.2082,75.16,95,86,1.99,ID,1620748061
Le Port,-20.9373,55.2919,77.0,83,40,6.91,RE,1620748062
Makassar,-5.14,119.4221,77.0,88,20,3.44,ID,1620748062
Bay Roberts,47.5999,-53.2648,46.99,71,75,21.85,CA,1620747905
Los Llanos de Aridane,28.6585,-17.9182,71.6,64,75,11.5,ES,1620748062
Tecpan,14.7623,-90.9947,71.6,73,40,16.11,GT,1620748063
Sola,-13.8833,167.55,80.31,75,80,14.79,VU,1620748063
Taperoá,-7.2075,-36.8267,76.84,66,94,18.59,BR,1620748063
Ţahţā,26.7693,31.5021,93.2,16,0,13.8,EG,1620748064
Ponta do Sol,32.6667,-17.1,68.0,56,20,13.8,PT,1620748064
Padang,-0.9492,100.3543,79.79,88,100,3.2,ID,1620748064
Kumul,42.8,93.45,74.07,28,100,16.64,CN,1620748064
Husavik,66.0449,-17.3389,41.0,36,0,8.05,IS,1620748065
Talnakh,69.4865,88.3972,34.66,98,100,12.93,RU,1620748065
Tazovsky,67.4667,78.7,31.53,98,100,7.02,RU,1620748065
Conceição do Araguaia,-8.2578,-49.2647,87.8,51,75,9.22,BR,1620748023
Haines Junction,60.7522,-137.5108,42.8,56,11,6.91,CA,1620748066
Bronkhorstspruit,-25.8102,28.7425,75.2,26,0,3.44,ZA,1620748066
Dikson,73.5069,80.5464,29.16,90,12,17.47,RU,1620748066
Segovia,41.1667,-4.0,59.0,36,40,11.5,ES,1620748066
St. George's,12.0564,-61.7485,84.2,70,20,28.77,GD,1620747984
Katobu,-4.9408,122.5276,74.57,90,19,4.18,ID,1620748067
Saravan,39.7196,45.6483,69.8,37,12,6.91,AM,1620748067
Thinadhoo,0.5333,72.9333,82.4,78,100,12.93,MV,1620748068
Hualmay,-11.0964,-77.6139,69.96,70,4,9.53,PE,1620748068
Severo-Kuril'sk,50.6789,156.125,35.13,80,59,5.03,RU,1620748068
Port Alfred,-33.5906,26.891,64.4,84,0,13.44,ZA,1620748068
Bedēsa,8.9,40.7833,69.78,57,91,1.99,ET,1620748069
New Norfolk,-42.7826,147.0587,45.0,69,5,1.01,AU,1620748069
Palana,59.1167,159.9667,28.29,88,86,8.32,RU,1620748069
Carnarvon,-24.8667,113.6333,66.2,94,0,4.61,AU,1620748070
Ostrovnoy,68.0531,39.5131,40.77,96,100,14.85,RU,1620748070
Karratha,-20.7377,116.8463,78.21,44,5,4.14,AU,1620748070
Nanortalik,60.1432,-45.2371,39.85,63,78,4.05,GL,1620748071
Tonstad,58.6626,6.7169,60.8,59,0,13.8,NO,1620748071
Lorengau,-2.0226,147.2712,78.78,78,83,3.76,PG,1620748071
Mount Isa,-20.7333,139.5,66.2,37,0,10.36,AU,1620748071
Iqaluit,63.7506,-68.5145,28.4,80,20,4.61,CA,1620748072
Townsville,-19.25,146.8,73.4,100,75,4.61,AU,1620748072
Bethel,41.3712,-73.414,60.01,33,1,14.97,US,1620748073
Port Lincoln,-34.7333,135.8667,57.78,62,73,9.66,AU,1620748073
Burnie,-41.0667,145.9167,42.01,66,4,5.99,AU,1620748073
Komatsu,36.4026,136.4509,51.8,93,75,2.3,JP,1620748074
Pombia,45.653,8.6336,59.0,100,75,10.36,IT,1620748074
Verāval,20.9,70.3667,83.37,77,2,12.57,IN,1620748074
Bredasdorp,-34.5322,20.0403,64.4,63,0,12.66,ZA,1620748074
Coyhaique,-45.5752,-72.0662,32.0,100,90,6.17,CL,1620748075
Upernavik,72.7868,-56.1549,28.44,80,100,2.66,GL,1620748075
Poum,-20.2333,164.0167,77.5,80,88,16.71,NC,1620748075
Yukamenskoye,57.8865,52.2416,62.38,74,6,6.71,RU,1620748076
Kismayo,-0.3582,42.5454,79.7,77,71,15.68,SO,1620748076
Panji,-7.7253,114.0995,76.89,83,48,4.12,ID,1620748076
Havøysund,70.9963,24.6622,35.6,93,75,6.91,NO,1620748076
Avarua,-21.2078,-159.775,75.2,94,75,1.14,CK,1620748077
Hambantota,6.1241,81.1185,80.6,94,40,4.61,LK,1620748077
Plaster Rock,46.9065,-67.39,57.99,50,90,10.36,CA,1620748077
Abalak,58.1286,68.5944,59.72,39,95,5.32,RU,1620748078
Makkah al Mukarramah,21.4267,39.8261,94.17,20,0,9.4,SA,1620748078
Acapulco de Juárez,16.8634,-99.8901,86.0,70,40,4.0,MX,1620748078
Fortuna,40.5982,-124.1573,57.99,93,1,5.66,US,1620748079
Pingliang,35.5392,106.6861,59.38,71,85,3.76,CN,1620748079
Codrington,-38.2667,141.9667,47.88,93,28,7.54,AU,1620748080
Vila Velha,-20.3297,-40.2925,80.6,50,40,6.91,BR,1620747917
Torbay,47.6666,-52.7314,46.99,71,75,21.85,CA,1620748080
Nambucca Heads,-30.65,153.0,60.8,94,100,5.03,AU,1620748080
Nhulunbuy,-12.2333,136.7667,78.8,83,40,10.36,AU,1620748080
Bilibino,68.0546,166.4372,12.34,93,91,5.55,RU,1620748081
Senica,48.6792,17.367,79.0,36,0,16.11,SK,1620748081
Olean,42.0776,-78.4297,48.0,61,90,8.05,US,1620748082
Kenai,60.5544,-151.2583,37.4,100,75,4.61,US,1620748082
Mar del Plata,-38.0023,-57.5575,62.01,77,40,9.22,AR,1620748082
Kruisfontein,-34.0033,24.7314,62.01,82,0,5.99,ZA,1620748083
Marang,5.2056,103.2059,82.4,83,40,2.3,MY,1620748083
Hasaki,35.7333,140.8333,59.0,67,75,8.05,JP,1620748083
Vikhorevka,56.1201,101.1636,39.2,70,95,6.71,RU,1620748084
Monywa,22.1167,95.1333,90.9,45,71,8.39,MM,1620748084
Severodvinsk,64.5635,39.8302,71.6,43,40,4.47,RU,1620748084
São Filipe,14.8961,-24.4956,75.11,69,0,7.49,CV,1620748085
Terrace,54.5163,-128.6035,46.4,76,90,3.44,CA,1620747904
Tiksi,71.6872,128.8694,20.32,97,100,4.23,RU,1620748085
Nelson Bay,-32.7167,152.15,59.0,94,75,9.22,AU,1620748085
Boussé,12.6606,-1.8922,105.8,27,40,6.91,BF,1620748086
Maniitsoq,65.4167,-52.9,34.7,79,70,5.68,GL,1620748086
Bengkulu,-3.8004,102.2655,78.28,89,99,2.19,ID,1620748086
La Serena,-29.9078,-71.2542,53.6,94,90,5.75,CL,1620748087
Pringsewu,-5.3582,104.9744,74.23,90,94,1.1,ID,1620748087
Daşoguz,41.8363,59.9666,84.2,20,0,2.3,TM,1620748087
Amapá,1.0,-52.0,77.36,95,89,4.27,BR,1620748088
Kaitangata,-46.2817,169.8464,44.01,73,91,8.01,NZ,1620748088
Tuburan,6.6439,122.2736,78.8,94,75,3.44,PH,1620748088
Hauterive,46.0901,3.4459,57.2,66,75,12.66,FR,1620748088
Sidi Ali,36.0998,0.4206,62.44,49,71,11.39,DZ,1620748089
Derzhavīnsk,51.1,66.3167,58.46,47,2,6.91,KZ,1620748089
Darhan,49.4867,105.9228,45.9,40,9,0.4,MN,1620748089
Houma,29.5958,-90.7195,82.99,83,90,6.91,US,1620747884
Cherskiy,68.75,161.3,10.45,98,71,3.29,RU,1620748090
Sinj,43.7036,16.6394,77.0,47,0,6.91,HR,1620748090
Nishihara,26.1842,127.7558,77.0,88,20,11.5,JP,1620748090
Eureka,40.8021,-124.1637,57.99,100,90,6.6,US,1620748091
Egvekinot,66.3167,-179.1667,25.57,95,100,9.64,RU,1620748091
Okhotsk,59.3833,143.3,31.41,84,82,2.1,RU,1620748091
Olafsvik,64.8945,-23.7142,38.07,64,22,8.19,IS,1620748092
Beringovskiy,63.05,179.3167,29.93,97,100,7.2,RU,1620748092
Saint Anthony,45.0205,-93.218,55.99,35,1,2.26,US,1620748092
Umluj,25.0213,37.2685,84.76,50,0,1.63,SA,1620748093
Ust-Maya,60.4167,134.5333,46.8,66,100,2.86,RU,1620748093
San Patricio,28.017,-97.5169,87.8,66,40,13.8,US,1620748094
Bolgatanga,10.7856,-0.8514,102.56,23,28,6.42,GH,1620748094
Kholm,59.2667,32.85,66.92,54,1,5.95,RU,1620748094
Roald,62.5833,6.1333,62.01,55,40,18.41,NO,1620748094
Nchelenge,-9.3451,28.734,72.36,60,4,5.39,ZM,1620748095
Berbérati,4.2612,15.7922,81.48,67,100,3.2,CF,1620748095
Adrar,20.5022,-10.0711,100.15,10,1,14.85,MR,1620748096
Saint-Pierre,-21.3393,55.4781,77.0,73,90,4.61,RE,1620748097
Koslan,63.4564,48.8989,50.29,80,100,6.71,RU,1620748097
Safonovo,55.15,33.2167,60.73,66,32,6.67,RU,1620748097
Santa Isabel Rio Negro,-0.4139,-65.0192,79.45,90,87,3.31,BR,1620748097
Pevek,69.7008,170.3133,5.0,97,98,3.76,RU,1620748098
Matara,5.9485,80.5353,81.37,80,51,2.06,LK,1620748098
Shira,54.4911,89.9531,49.75,53,100,4.68,RU,1620748099
Dhidhdhoo,6.8833,73.1,81.27,86,100,12.1,MV,1620748099
Celestún,20.8667,-90.4,88.18,52,4,10.42,MX,1620748099
Florianópolis,-27.6146,-48.5012,69.01,77,75,14.97,BR,1620748099
Provideniya,64.3833,-173.3,33.84,97,100,9.91,RU,1620748100
Narsaq,60.9167,-46.05,44.6,45,75,6.91,GL,1620748100
Geraldton,-28.7667,114.6,62.6,72,69,10.36,AU,1620748100
Vestmannaeyjar,63.4427,-20.2734,41.0,75,20,10.36,IS,1620748101
Cadillac,44.2519,-85.4012,42.8,65,75,12.66,US,1620748101
Shiogama,38.3167,141.0333,51.73,69,0,6.42,JP,1620748101
Mazagão,-0.115,-51.2894,77.0,94,90,13.8,BR,1620748102
Shimoda,34.6667,138.95,64.99,76,100,10.92,JP,1620748102
Nioro,13.35,-15.75,106.81,10,17,3.15,GM,1620748102
Wanning,18.8003,110.3967,79.72,89,31,9.37,CN,1620748102
Tezu,27.9167,96.1667,74.08,67,72,3.76,IN,1620748103
Joshīmath,30.5667,79.5667,58.86,91,100,4.85,IN,1620748103
Brae,60.3964,-1.353,50.0,87,20,5.75,GB,1620748104
Kalmunai,7.4167,81.8167,82.53,77,98,10.58,LK,1620748104
Clearwater,27.9659,-82.8001,87.01,62,40,6.91,US,1620747960
Sinnamary,5.3833,-52.95,81.95,73,85,11.79,GF,1620748104
Avera,33.194,-82.5271,78.8,57,1,3.44,US,1620748105
Tomigusuku,26.185,127.675,77.0,94,75,16.11,JP,1620748105
Vila,42.0304,-8.1588,57.0,71,99,14.0,PT,1620748105
Aras,42.5617,-2.356,64.99,27,20,16.11,ES,1620748106
Yelkhovka,53.8667,50.2832,73.4,35,0,4.47,RU,1620748106
Bima,-8.4667,118.7167,73.13,89,87,3.67,ID,1620748106
Morondava,-20.2833,44.2833,76.93,71,1,14.58,MG,1620748107
Departamento de Maldonado,-34.6667,-54.9167,60.8,59,40,16.11,UY,1620748107
Zatoka,46.0725,30.4654,73.4,38,20,13.42,UA,1620748107
São Gabriel da Cachoeira,-0.1303,-67.0892,80.6,83,90,5.75,BR,1620748108
Westport,41.1415,-73.3579,62.01,27,1,17.27,US,1620747837
Sanguéya,10.7,-14.3667,92.77,39,10,13.44,GN,1620748108
Sept-Îles,50.2001,-66.3821,48.99,53,75,10.36,CA,1620748108
Jvari,42.7169,42.052,59.0,55,0,11.5,GE,1620748109
Thompson,55.7435,-97.8558,57.2,33,20,14.97,CA,1620748109
Hong Kong,22.2855,114.1577,84.99,84,6,1.99,HK,1620747943
Baguanos,20.7517,-76.0269,87.8,58,40,10.36,CU,1620748109
Birjand,32.8663,59.2211,75.2,19,20,13.8,IR,1620748110
Bacolod City,10.6667,122.95,80.64,78,67,5.28,PH,1620748110
Esperance,-33.8667,121.9,59.0,88,76,13.8,AU,1620748110
Mayo,38.8876,-76.5119,66.99,39,1,6.91,US,1620748110
Boston,42.3584,-71.0598,63.0,29,20,17.27,US,1620747572
Sitka,57.0531,-135.33,46.4,87,90,11.5,US,1620748111
Škofja Loka,46.1655,14.3063,78.01,38,20,1.14,SI,1620748111
Tuatapere,-46.1333,167.6833,39.0,83,86,1.99,NZ,1620748111
La Ronge,55.1001,-105.2842,57.2,30,82,4.61,CA,1620748112
Anadyr,64.75,177.4833,26.6,93,90,11.18,RU,1620748112
Zahir Pir,28.8124,70.524,91.71,28,36,11.48,PK,1620748112
Alice Springs,-23.7,133.8833,53.6,71,0,5.75,AU,1620747916
Maceió,-9.6658,-35.7353,78.8,78,75,16.11,BR,1620748113
Broome,42.2506,-75.833,53.01,43,40,16.11,US,1620748113
Mount Gambier,-37.8333,140.7667,46.4,93,71,8.05,AU,1620748114
Hachinohe,40.5,141.5,48.27,91,100,3.0,JP,1620748114
Taywarah,33.35,64.4167,54.45,49,19,11.39,AF,1620748114
Kavieng,-2.5744,150.7967,80.67,73,77,1.83,PG,1620748115
Angoram,-4.0625,144.0661,73.6,98,100,1.16,PG,1620748115
Fort Nelson,58.8053,-122.7002,44.6,70,20,4.61,CA,1620748115
Hibbing,47.4272,-92.9377,48.2,36,1,4.61,US,1620748116
Nagua,19.3832,-69.8474,80.6,83,75,4.61,DO,1620748116
Kungurtug,50.5994,97.5228,36.16,63,94,1.14,RU,1620748116
Sompeta,18.9333,84.6,80.17,76,98,13.24,IN,1620748116
San Cristobal,7.7669,-72.225,86.0,51,75,19.57,VE,1620748117
Hobyo,5.3505,48.5268,81.95,77,100,18.25,SO,1620748117
Luganville,-15.5333,167.1667,78.13,86,33,9.51,VU,1620748117
Luebo,-5.35,21.4167,79.72,62,81,0.09,CD,1620748118
The Valley,18.217,-63.0578,84.99,78,40,17.27,AI,1620748118
Finschhafen,-6.6024,147.8681,79.03,81,88,7.36,PG,1620748118
Espinosa,-14.9261,-42.8192,85.59,26,0,4.43,BR,1620748119
Santa Cruz de Tenerife,28.4682,-16.2546,73.0,60,20,12.66,ES,1620748119
Kastamonu Province,41.5,33.6667,50.31,48,4,6.67,TR,1620748119
Norman Wells,65.282,-126.8329,39.2,60,20,13.8,CA,1620748120
Santa Isabel,-23.3156,-46.2214,77.0,44,0,12.66,BR,1620748120
Liverpool,53.4106,-2.9779,59.0,82,75,11.5,GB,1620747866
Zhangye,38.9342,100.4517,69.48,18,49,3.62,CN,1620747908
Ahipara,-35.1667,173.1667,63.59,94,59,7.83,NZ,1620748120
Juba,4.8517,31.5825,71.47,92,100,3.58,SS,1620748121
Apodi,-5.6642,-37.7989,84.38,59,98,10.89,BR,1620748121
Versailles,48.8,2.1333,59.0,63,0,11.5,FR,1620748121
Sobolevo,54.4299,31.8996,62.01,69,40,7.27,RU,1620748122
Lagoa,39.05,-27.9833,61.48,70,66,11.7,PT,1620748122
Hailar,49.2,119.7,41.99,86,100,10.29,CN,1620748122
Uyemskiy,64.4743,40.8524,71.6,43,40,4.47,RU,1620748123
Pacific Grove,36.6177,-121.9166,59.0,82,90,2.59,US,1620748123
Oruzgan,32.8333,66.0,73.58,25,0,5.1,AF,1620748123
Salalah,17.0151,54.0924,84.2,84,75,11.5,OM,1620748123
Carbondale,37.7273,-89.2168,62.01,55,1,11.5,US,1620748014
Tūkrah,32.5341,20.5791,72.19,49,0,16.53,LY,1620748124
Fayetteville,35.0527,-78.8784,66.2,55,90,8.05,US,1620747837
Penzance,50.1186,-5.5371,51.8,87,40,9.22,GB,1620748124
Bubaque,11.2833,-15.8333,76.86,71,17,11.54,GW,1620748125
Samaná,19.2056,-69.3369,80.6,89,75,9.22,DO,1620747909
Villa Vicente Guerrero,19.1194,-98.1708,68.0,60,20,4.61,MX,1620748125
Deputatsky,69.3,139.9,8.65,98,100,0.96,RU,1620748125
Aklavik,68.2191,-135.0107,24.8,80,75,4.61,CA,1620748126
Tessalit,20.1986,1.0114,108.12,6,24,7.49,ML,1620748126
Alugan,12.2188,125.4808,80.06,84,71,7.45,PH,1620748126
Fairbanks,64.8378,-147.7164,50.0,50,75,6.91,US,1620748126
Arroyo de la Encomienda,41.6096,-4.7969,60.01,47,20,19.57,ES,1620748127
Mahibadhoo,3.7833,72.9667,81.41,86,100,21.41,MV,1620748127
Pilar,-9.5972,-35.9567,78.8,78,75,16.11,BR,1620748127
Clyde River,70.4692,-68.5914,15.8,100,20,4.56,CA,1620748128
Teonthar,24.9833,81.65,96.13,22,77,7.52,IN,1620748128
Trat,12.5,102.5,78.75,90,9,2.42,TH,1620748128
Okha,53.5739,142.9478,28.92,83,42,5.93,RU,1620748129
Ankazoabo,-22.2833,44.5167,72.01,48,25,9.42,MG,1620748129
Anchorage,61.2181,-149.9003,45.0,70,75,5.75,US,1620747897
Tashtyp,52.7939,89.8983,48.33,59,100,2.84,RU,1620748129
Lichuan,30.3,108.85,58.24,95,98,2.17,CN,1620748130
Båtsfjord,70.6345,29.7185,35.6,87,75,4.61,NO,1620748130
Am Timan,11.0297,20.2827,93.42,29,54,11.45,TD,1620748130
Iskateley,67.6803,53.1512,43.45,86,99,6.04,RU,1620748131
Russell,32.3502,-85.1999,75.2,83,40,1.92,US,1620747912
São Miguel do Iguaçu,-25.3481,-54.2378,69.8,88,90,2.3,BR,1620748131
Omsukchan,62.5333,155.8,20.73,96,93,4.18,RU,1620748131
Kununurra,-15.7667,128.7333,66.2,82,0,3.44,AU,1620748029
Channel-Port aux Basques,47.5702,-59.1367,41.18,78,11,16.64,CA,1620748132
Puebloviejo,10.9938,-74.2844,87.8,66,20,5.75,CO,1620748132
Patāmundai,20.5667,86.5667,80.28,69,43,10.36,IN,1620748132
Puerto Escondido,15.85,-97.0667,87.8,70,40,4.72,MX,1620748133
Ntungamo,-0.8833,29.65,67.75,89,92,0.45,UG,1620748133
Seoul,37.5683,126.9778,66.2,27,0,13.8,KR,1620748036
Naze,28.3667,129.4833,71.49,93,100,11.83,JP,1620748134
Greenwood,34.1668,-82.1165,72.0,72,90,8.05,US,1620747845
Qaqortoq,60.7167,-46.0333,44.6,45,75,6.91,GL,1620748134
Kashgar,39.4547,75.9797,75.2,13,40,24.61,CN,1620748134
Lubango,-14.9172,13.4925,66.74,52,16,3.76,AO,1620748135
Toamasina,-18.1667,49.3833,77.0,83,40,5.75,MG,1620748135
Pavlodar,52.3,76.95,60.8,31,20,8.95,KZ,1620748135
Āreka,7.0667,37.7,63.91,84,81,2.82,ET,1620748135
Yagodnoye,62.55,149.6667,29.39,97,89,1.57,RU,1620748136
Hervey Bay,-25.2986,152.8535,73.99,100,90,5.75,AU,1620748136
Chernyshevskiy,63.0128,112.4714,29.25,78,100,6.35,RU,1620748136
Chengde,40.9725,117.9361,53.71,55,36,1.54,CN,1620748137
Constitución,-35.3333,-72.4167,62.74,48,8,4.0,CL,1620748137
Katsuura,35.1333,140.3,62.6,67,75,10.36,JP,1620748137
Saskylakh,71.9167,114.0833,5.22,97,62,6.55,RU,1620748138
Gīdam,18.9833,81.4,81.52,63,55,4.7,IN,1620748138
Cayenne,4.9333,-52.3333,84.2,70,75,13.8,GF,1620748138
San Quintín,30.4833,-115.95,61.2,71,35,3.85,MX,1620748139
Panacan,9.2463,118.4082,81.45,83,65,5.21,PH,1620748139
Tommot,58.9564,126.2925,37.4,96,100,3.06,RU,1620748139
Mirny,62.5353,113.9611,30.67,80,98,6.87,RU,1620748139
Qasigiannguit,68.8193,-51.1922,33.8,86,90,4.61,GL,1620748140
Lagunas,-5.2269,-75.6753,77.59,77,93,2.19,PE,1620748140
Borogontsy,62.6683,131.1683,43.75,91,100,1.45,RU,1620748140
Chapais,49.7834,-74.8492,51.8,35,40,9.22,CA,1620748141
Pangnirtung,66.1451,-65.7125,26.6,93,75,9.22,CA,1620748141
Phayao,19.25,100.25,77.32,71,46,2.3,TH,1620748141
Yulara,-25.2406,130.9889,59.0,63,0,8.05,AU,1620748141
Bahía Honda,22.9036,-83.1592,88.99,51,3,7.7,CU,1620748142
Kevsala,45.7983,42.6903,51.1,77,100,5.91,RU,1620748142
Berlin,52.5244,13.4105,84.0,42,0,8.05,DE,1620747956
Srednekolymsk,67.45,153.6833,19.24,95,100,2.15,RU,1620748142
Taggia,43.8485,7.8545,66.2,82,75,27.63,IT,1620748143
Pisco,-13.7,-76.2167,66.99,82,90,4.61,PE,1620748143
Puerto Suárez,-18.95,-57.8,78.8,69,40,12.66,BO,1620748144
Kushima,31.4583,131.2333,66.0,100,100,4.0,JP,1620748144
Sittwe,20.15,92.9,85.57,71,50,7.16,MM,1620748144
Murgūd,16.4,74.2,80.26,67,67,7.92,IN,1620748145
Kavaratti,10.5669,72.642,85.8,69,97,4.21,IN,1620748145
Magadan,59.5667,150.8,32.85,90,53,2.89,RU,1620748145
Traralgon,-38.1833,146.5333,45.0,92,100,2.91,AU,1620748145
Rantauprapat,2.1,99.8333,75.56,98,100,1.83,ID,1620748146
Maridi,4.9158,29.4742,70.29,91,96,1.9,SS,1620748146
Verkhovyna,48.1557,24.7911,64.06,58,0,5.26,UA,1620748146
Boende,-0.2167,20.8667,80.01,68,90,1.79,CD,1620748147
Daru,-9.0763,143.2092,78.53,88,100,8.63,PG,1620748147
Baruun-Urt,46.6806,113.2792,42.84,48,7,16.06,MN,1620748147
Ribeira Grande,38.5167,-28.7,66.2,72,20,14.97,PT,1620748147
Batemans Bay,-35.7167,150.1833,55.99,95,93,5.99,AU,1620748148
Kudat,6.8837,116.8477,82.4,89,20,4.61,MY,1620748148
Kodinsk,58.6881,99.1844,33.4,78,12,3.67,RU,1620748148
City of San Pedro,14.35,121.0167,86.0,70,20,8.05,PH,1620748149
Dana Point,33.467,-117.6981,62.01,80,7,1.99,US,1620747915
Jining,35.405,116.5814,63.32,82,99,9.42,CN,1620748149
Kloulklubed,7.0419,134.2556,80.6,83,90,10.36,PW,1620748149
Atherton,53.5237,-2.4935,59.0,59,100,8.99,GB,1620748150
Sangar,63.9242,127.4739,34.0,90,100,3.8,RU,1620748150
Serpa,37.9458,-7.5975,66.2,34,40,11.5,PT,1620748150
Mana,5.6592,-53.7767,83.12,69,25,12.26,GF,1620748150
Lompoc,34.6391,-120.4579,55.99,93,2,3.56,US,1620748151
Navalmoral de la Mata,39.8916,-5.5406,59.0,46,12,5.01,ES,1620748151
Presidencia Roque Sáenz Peña,-26.7852,-60.4388,63.0,76,100,5.99,AR,1620748151
Doha,25.2867,51.5333,91.99,31,0,5.75,QA,1620747931
Houston,29.7633,-95.3633,88.0,70,75,16.11,US,1620748049
Bowen,-20.0167,148.2333,69.8,100,40,6.91,AU,1620748152
Kahului,20.8947,-156.47,71.6,73,20,18.41,US,1620747998
Duderstadt,51.5131,10.2595,60.01,78,100,1.01,DE,1620748152
Huarmey,-10.0681,-78.1522,70.54,71,1,8.72,PE,1620748153
Maţāy,28.419,30.7792,89.28,15,0,10.92,EG,1620748153
Vanimo,-2.6741,141.3028,78.49,87,100,2.01,PG,1620748153
Zeya,53.75,127.2667,50.31,68,100,9.95,RU,1620748153
Samarai,-10.6167,150.6667,80.91,82,91,8.84,PG,1620748154
Kulunda,52.566,78.9385,56.53,48,61,17.43,RU,1620748154
Antón Lizardo,19.05,-95.9833,87.01,74,90,6.91,MX,1620748154
Porto Nacional,-10.7081,-48.4172,87.8,48,20,6.91,BR,1620748155
Sirte,31.2089,16.5887,75.04,50,0,22.84,LY,1620748155
Muscat,23.6139,58.5922,87.8,62,0,5.75,OM,1620748155
Anito,12.4497,125.2886,78.87,87,63,6.11,PH,1620748156
Aykhal,66.0,111.5,16.2,95,67,6.6,RU,1620748156
Comodoro Rivadavia,-45.8667,-67.5,59.0,44,0,11.5,AR,1620748156
Yangjiang,21.85,111.9667,79.72,92,15,7.02,CN,1620748156
West Wendover,40.7391,-114.0733,51.8,32,1,8.05,US,1620748157
Rabat,33.9911,-6.8401,68.0,45,40,16.11,MA,1620747972
Huanren,41.2647,125.3667,51.62,72,88,3.91,CN,1620748157
Baláo,-2.9167,-79.8167,80.6,74,20,4.61,EC,1620748157
Genappe,50.609,4.449,61.0,63,20,3.44,BE,1620748158
Byron Bay,-28.65,153.6167,68.0,94,90,5.75,AU,1620748158
Jacareacanga,-6.2222,-57.7528,91.15,47,12,5.55,BR,1620748158
Pathein,16.7833,94.7333,83.61,74,5,7.05,MM,1620748159
Sinjai,-5.1241,120.253,78.33,85,53,2.04,ID,1620748159
Chino Valley,34.7575,-112.4538,70.0,22,0,1.01,US,1620748159
Pudozh,61.8099,36.5345,63.59,60,77,5.91,RU,1620748160
Mahanoro,-19.9,48.8,72.86,85,13,5.01,MG,1620748160
Aswān,24.0934,32.907,97.43,8,6,19.3,EG,1620748160
Thanh Hoa,19.8,105.7667,82.06,82,83,7.94,VN,1620748160
Adamantas,36.7333,24.4333,66.2,55,0,13.8,GR,1620748161
Skjervøy,70.0311,20.9714,39.2,87,75,5.75,NO,1620748161
Auki,-8.7676,160.7034,77.63,85,100,2.68,SB,1620748161
Bozeman,45.6796,-111.0386,46.0,75,1,4.36,US,1620747888
Finnsnes,69.2296,17.9811,41.0,81,75,8.05,NO,1620748162
Rio Grande,-32.035,-52.0986,59.0,67,0,13.8,BR,1620748162
Marakkanam,12.2,79.95,86.7,77,93,17.4,IN,1620748162
Ust'-Kan,50.9276,84.761,41.85,94,100,2.46,RU,1620748163
Honningsvåg,70.9821,25.9704,39.2,75,75,3.44,NO,1620748163
Zemio,5.0314,25.1361,74.68,87,92,3.89,CF,1620748163
Iona,26.5204,-81.964,91.0,65,40,6.91,US,1620748164
Nouadhibou,20.931,-17.0347,80.6,47,0,16.11,MR,1620748164
Smithers,54.7804,-127.1743,41.0,75,75,3.44,CA,1620748164
Hammerfest,70.6634,23.6821,35.6,93,75,6.91,NO,1620748164
Copparo,44.893,11.8249,66.99,82,75,3.44,IT,1620748165
Buala,-8.145,159.5921,80.15,83,100,3.22,SB,1620748165
Mwense,-10.3845,28.698,67.75,64,35,5.84,ZM,1620748165
La Rioja,42.25,-2.5,64.99,27,20,16.11,ES,1620748166
Uusikaupunki,60.8004,21.4084,69.8,43,0,8.05,FI,1620748166
Falun,60.6036,15.626,52.0,87,90,2.3,SE,1620748166
Trelew,-43.249,-65.3051,59.83,19,14,8.46,AR,1620748166
Zheleznogorsk-Ilimskiy,56.5768,104.1217,36.34,96,100,8.14,RU,1620748167
Gutiérrez,4.2547,-74.0025,64.4,55,75,9.22,CO,1620748167
Zholymbet,51.7433,71.7122,53.46,54,5,7.31,KZ,1620748167
Tevaitoa,-16.7833,-151.5,81.55,77,97,21.14,PF,1620748168
Gouré,13.9835,10.2704,108.0,5,93,8.99,NE,1620748168
Magomeni,-6.8,39.25,75.51,74,100,5.99,TZ,1620748168
Dingzhou,38.5131,114.9956,57.2,88,0,2.24,CN,1620748169
Makakilo City,21.3469,-158.0858,73.4,83,1,5.75,US,1620748169
Tadine,-21.55,167.8833,75.27,82,99,14.61,NC,1620748169
Andilamena,-17.0167,48.5833,62.56,97,6,5.5,MG,1620748170
Agadez,19.75,10.25,106.84,4,4,8.66,NE,1620748170
Kutum,14.2,24.6667,92.57,10,7,10.11,SD,1620748170
Solnechnyy,50.7214,136.6319,39.09,75,6,3.87,RU,1620748170
Murray Bridge,-35.1167,139.2667,43.0,87,0,4.54,AU,1620748171
Guilin,25.2819,110.2864,80.6,83,75,4.47,CN,1620748171
Kharan,28.5833,65.4167,89.92,12,84,16.64,PK,1620748171
Flin Flon,54.7682,-101.865,53.6,32,1,4.61,CA,1620748172
Mormugao,15.4,73.8,86.0,74,20,10.36,IN,1620748172
Salina Cruz,16.1667,-95.2,89.26,56,40,4.74,MX,1620748038
Ambon City,-3.6954,128.1814,77.0,88,40,3.44,ID,1620748173
Grass Valley,39.2191,-121.0611,73.99,11,1,1.07,US,1620748037
Garlasco,45.1974,8.9238,60.01,86,100,11.99,IT,1620748173
Kārsiyāng,26.8825,88.2773,55.36,92,80,3.56,IN,1620748173
Santa Luzia,-19.7697,-43.8514,75.2,49,40,4.61,BR,1620748174
Mizdah,31.4451,12.9801,101.44,6,0,16.4,LY,1620748174
Tocopilla,-22.092,-70.1979,69.82,71,100,4.83,CL,1620748174
Muromtsevo,56.3724,75.2418,52.25,41,0,3.58,RU,1620748175
Praia da Vitória,38.7333,-27.0667,68.0,64,20,11.68,PT,1620748175
Kiunga,-6.1219,141.2906,73.89,99,91,1.34,PG,1620748175
Tautira,-17.7333,-149.15,78.8,73,75,4.61,PF,1620748176
Wajir,1.7471,40.0573,89.6,48,75,7.09,KE,1620748177
Kudahuvadhoo,2.6708,72.8944,81.72,83,100,18.77,MV,1620748177
El Alto,-4.2714,-81.2147,73.4,68,0,24.16,PE,1620748177
Laas,46.6166,10.7002,59.0,81,75,10.36,IT,1620748178
Bela,25.9333,81.9833,95.31,21,15,2.55,IN,1620748178
Praia,14.9215,-23.5087,80.6,50,20,20.71,CV,1620748178
Mahon,39.8885,4.2658,66.2,48,20,17.27,ES,1620748179
Mandalgovi,45.7625,106.2708,42.96,35,100,6.46,MN,1620748179
Rocha,-34.4833,-54.3333,60.64,50,2,15.12,UY,1620748167
Chimbote,-9.0853,-78.5783,69.67,73,12,9.55,PE,1620748179
Buraidah,26.326,43.975,96.8,21,75,16.11,SA,1620748050
Taltal,-25.4,-70.4833,67.68,70,82,5.19,CL,1620748180
Calafell,41.2,1.5683,73.0,100,0,21.0,ES,1620748180
Staraya Poltavka,50.4772,46.4814,55.8,57,46,2.01,RU,1620748180
Rabo de Peixe,37.8,-25.5833,66.2,72,20,14.97,PT,1620748181
Randazzo,37.8774,14.9501,73.99,67,15,1.01,IT,1620748181
Stornoway,58.2093,-6.3865,48.2,87,75,9.22,GB,1620748181
Quatre Cocos,-20.2078,57.7625,75.2,78,20,4.61,MU,1620748182
Galeana,24.8333,-100.0667,59.0,87,100,1.54,MX,1620748182
Ouro Preto,-20.3948,-43.5052,74.75,35,1,1.61,BR,1620747967
Idar,49.7167,7.3,55.99,94,75,5.75,DE,1620748182
Talaya,61.3833,152.75,26.91,88,94,4.36,RU,1620748184
Arroio Grande,-32.2375,-53.0869,60.67,51,79,8.39,BR,1620748184
Lander,42.833,-108.7307,42.01,87,90,5.75,US,1620748184
Kerman,30.2832,57.0788,78.8,19,40,11.5,IR,1620748120
Taft,31.7471,54.2088,86.0,17,75,6.91,IR,1620748185
Lakhtinskiy,59.9911,30.1597,75.2,27,0,11.18,RU,1620748185
Palmer,42.1584,-72.3287,60.01,26,40,14.97,US,1620748185
Reconquista,-29.15,-59.65,62.78,54,69,9.1,AR,1620748186
Bathsheba,13.2167,-59.5167,86.0,54,40,26.46,BB,1620748186
Tyrma,50.0833,132.1667,36.68,96,39,2.91,RU,1620748186
Mitú,1.1983,-70.1733,75.04,94,99,1.99,CO,1620748187
Yenagoa,4.9247,6.2642,84.38,75,99,6.98,NG,1620747965
Gritsovskiy,54.1376,38.1604,55.67,87,93,7.87,RU,1620748187
Boa Vista,2.8197,-60.6733,77.0,83,75,5.75,BR,1620748187
Manokwari,-0.8667,134.0833,78.33,81,82,2.3,ID,1620748188
Marawi,7.9986,124.2928,79.0,88,100,2.84,PH,1620748188
Kirakira,-10.4544,161.9205,78.89,85,100,5.41,SB,1620748188
Atasū,48.6814,71.6433,53.65,49,25,16.82,KZ,1620748188
Peniche,39.3558,-9.3811,64.0,68,25,18.01,PT,1620748189
Zhigansk,66.7697,123.3711,27.43,80,9,14.54,RU,1620748189
Nha Trang,12.25,109.1833,82.4,83,20,1.14,VN,1620748064
Berlevåg,70.8578,29.0864,39.2,87,75,4.61,NO,1620748189
Betong,5.7743,101.0723,74.1,98,100,1.25,TH,1620748190
Farim,12.4839,-15.2217,104.0,21,0,11.5,GW,1620748190
Yangi Marg`ilon,40.4272,71.7189,73.4,53,12,4.61,UZ,1620748190
Gáldar,28.147,-15.6502,73.4,56,20,27.63,ES,1620748191
Sawākin,19.1059,37.3321,89.1,61,16,7.34,SD,1620748191
San Javier,37.8063,-0.8374,71.6,43,0,14.97,ES,1620748191
Humaitá,-7.5061,-63.0208,86.61,65,28,3.31,BR,1620748192
Voh,-20.9667,164.7,73.13,88,39,5.17,NC,1620748192
Darnah,32.767,22.6367,67.55,60,0,16.89,LY,1620748192
Kerchevskiy,59.946,56.2884,54.37,50,52,3.47,RU,1620748193
Grindavik,63.8424,-22.4338,41.0,48,20,12.66,IS,1620748193
Poso,-1.3959,120.7524,76.53,83,77,5.95,ID,1620748154
Vardø,70.3705,31.1107,37.4,93,75,8.05,NO,1620748193
Domoni,-12.2569,44.5319,78.12,71,75,11.01,KM,1620748193
Port-Gentil,-0.7193,8.7815,87.8,70,20,12.66,GA,1620748194
